date,2020,last3,last1,home,away,2019

2016-03-15,5.2%,4.3%,1.9%,4.9%,5.4%,5.9%

2016-03-16,5.2%,4.3%,1.9%,4.9%,5.4%,5.9%

2016-03-17,5.2%,5.8%,8.7%,4.9%,5.5%,5.9%

2016-03-18,5.2%,5.5%,5.7%,5.0%,5.5%,5.9%

2016-03-19,5.2%,5.5%,5.7%,5.0%,5.5%,5.9%

2016-03-20,5.2%,6.2%,3.9%,4.9%,5.5%,5.9%

2016-03-21,5.2%,6.2%,3.9%,4.9%,5.5%,5.9%

2016-03-22,5.3%,7.2%,11.3%,5.1%,5.5%,5.9%

2016-03-23,5.3%,7.2%,11.3%,5.1%,5.5%,5.9%

2016-03-24,5.3%,7.4%,6.6%,5.2%,5.5%,5.9%

2016-03-25,5.4%,9.0%,8.8%,5.2%,5.6%,5.9%

2016-03-26,5.4%,9.0%,8.8%,5.2%,5.6%,5.9%

2016-03-27,5.3%,5.7%,1.8%,5.2%,5.5%,5.9%

2016-03-28,5.3%,5.7%,1.8%,5.2%,5.5%,5.9%

2016-03-29,5.3%,4.7%,3.7%,5.1%,5.5%,5.9%

2016-03-30,5.3%,3.3%,4.5%,5.1%,5.5%,5.9%

2016-03-31,5.3%,3.3%,4.5%,5.1%,5.5%,5.9%

2016-04-01,5.3%,4.2%,4.5%,5.1%,5.4%,5.9%

2016-04-02,5.3%,4.2%,4.5%,5.1%,5.4%,5.9%

2016-04-03,5.3%,4.9%,5.8%,5.1%,5.4%,5.9%

2016-04-04,5.3%,6.5%,9.3%,5.1%,5.5%,5.9%

2016-04-05,5.3%,6.5%,9.3%,5.1%,5.5%,5.9%

2016-04-06,5.3%,6.9%,5.6%,5.1%,5.5%,5.9%

2016-04-07,5.3%,6.9%,5.6%,5.1%,5.5%,5.9%

2016-04-08,5.3%,6.8%,5.5%,5.1%,5.5%,5.9%

2016-04-09,5.3%,6.8%,5.5%,5.1%,5.5%,5.9%

2016-04-10,5.4%,6.1%,7.4%,5.2%,5.5%,5.9%

2016-04-11,5.4%,6.1%,7.4%,5.2%,5.5%,5.9%

2016-04-12,5.4%,5.9%,4.8%,5.2%,5.5%,5.9%

2016-04-13,5.4%,5.9%,4.8%,5.2%,5.5%,5.9%

2016-04-14,5.4%,6.7%,7.9%,5.3%,5.5%,5.9%

2016-04-15,5.4%,6.7%,7.9%,5.3%,5.5%,5.9%

2016-04-16,5.4%,6.7%,7.9%,5.3%,5.5%,5.9%

2016-04-17,5.4%,6.7%,7.9%,5.3%,5.5%,5.9%

2016-04-18,5.4%,6.7%,7.9%,5.3%,5.5%,5.9%

2016-04-19,5.4%,6.7%,7.9%,5.3%,5.5%,5.9%

2016-04-20,5.4%,6.7%,7.9%,5.3%,5.5%,5.9%

2016-04-21,5.4%,6.7%,7.9%,5.3%,5.5%,5.9%

2016-04-22,5.4%,6.7%,7.9%,5.3%,5.5%,5.9%

2016-04-23,5.4%,6.7%,7.9%,5.3%,5.5%,5.9%

2016-04-24,5.4%,6.7%,7.9%,5.3%,5.5%,5.9%

2016-04-25,5.4%,6.7%,7.9%,5.3%,5.5%,5.9%

2016-04-26,5.4%,6.7%,7.9%,5.3%,5.5%,5.9%

2016-04-27,5.4%,6.7%,7.9%,5.3%,5.5%,5.9%

2016-04-28,5.4%,6.7%,7.9%,5.3%,5.5%,5.9%

2016-04-29,5.4%,6.7%,7.9%,5.3%,5.5%,5.9%

2016-04-30,5.4%,6.7%,7.9%,5.3%,5.5%,5.9%

2016-05-01,5.4%,6.7%,7.9%,5.3%,5.5%,5.9%

2016-05-02,5.4%,6.7%,7.9%,5.3%,5.5%,5.9%

2016-05-03,5.4%,6.7%,7.9%,5.3%,5.5%,5.9%

2016-05-04,5.4%,6.7%,7.9%,5.3%,5.5%,5.9%

2016-05-05,5.4%,6.7%,7.9%,5.3%,5.5%,5.9%

2016-05-06,5.4%,6.7%,7.9%,5.3%,5.5%,5.9%

2016-05-07,5.4%,6.7%,7.9%,5.3%,5.5%,5.9%

2016-05-08,5.4%,6.7%,7.9%,5.3%,5.5%,5.9%

2016-05-09,5.4%,6.7%,7.9%,5.3%,5.5%,5.9%

2016-05-10,5.4%,6.7%,7.9%,5.3%,5.5%,5.9%

2016-05-11,5.4%,6.7%,7.9%,5.3%,5.5%,5.9%

2016-05-12,5.4%,6.7%,7.9%,5.3%,5.5%,5.9%

2016-05-13,5.4%,6.7%,7.9%,5.3%,5.5%,5.9%

2016-05-14,5.4%,6.7%,7.9%,5.3%,5.5%,5.9%

2016-05-15,5.4%,6.7%,7.9%,5.3%,5.5%,5.9%

2016-05-16,5.4%,6.7%,7.9%,5.3%,5.5%,5.9%

2016-05-17,5.4%,6.7%,7.9%,5.3%,5.5%,5.9%

2016-05-18,5.4%,6.7%,7.9%,5.3%,5.5%,5.9%

2016-05-19,5.4%,6.7%,7.9%,5.3%,5.5%,5.9%

2016-05-20,5.4%,6.7%,7.9%,5.3%,5.5%,5.9%

2016-05-21,5.4%,6.7%,7.9%,5.3%,5.5%,5.9%

2016-05-22,5.4%,6.7%,7.9%,5.3%,5.5%,5.9%

2016-05-23,5.4%,6.7%,7.9%,5.3%,5.5%,5.9%

2016-05-24,5.4%,6.7%,7.9%,5.3%,5.5%,5.9%

2016-05-25,5.4%,6.7%,7.9%,5.3%,5.5%,5.9%

2016-05-26,5.4%,6.7%,7.9%,5.3%,5.5%,5.9%

2016-05-27,5.4%,6.7%,7.9%,5.3%,5.5%,5.9%

2016-05-28,5.4%,6.7%,7.9%,5.3%,5.5%,5.9%

2016-05-29,5.4%,6.7%,7.9%,5.3%,5.5%,5.9%

2016-05-30,5.4%,6.7%,7.9%,5.3%,5.5%,5.9%

2016-05-31,5.4%,6.7%,7.9%,5.3%,5.5%,5.9%

2016-06-01,5.4%,6.7%,7.9%,5.3%,5.5%,5.9%

2016-06-02,5.4%,6.7%,7.9%,5.3%,5.5%,5.9%

2016-06-03,5.4%,6.7%,7.9%,5.3%,5.5%,5.9%

2016-06-04,5.4%,6.7%,7.9%,5.3%,5.5%,5.9%

2016-06-05,5.4%,6.7%,7.9%,5.3%,5.5%,5.9%

2016-06-06,5.4%,6.7%,7.9%,5.3%,5.5%,5.9%

2016-06-07,5.4%,6.7%,7.9%,5.3%,5.5%,5.9%

2016-06-08,5.4%,6.7%,7.9%,5.3%,5.5%,5.9%

2016-06-09,5.4%,6.7%,7.9%,5.3%,5.5%,5.9%

2016-06-10,5.4%,6.7%,7.9%,5.3%,5.5%,5.9%

2016-06-11,5.4%,6.7%,7.9%,5.3%,5.5%,5.9%

2016-06-12,5.4%,6.7%,7.9%,5.3%,5.5%,5.9%

2016-06-13,5.4%,6.7%,7.9%,5.3%,5.5%,5.9%

2016-06-14,5.4%,6.7%,7.9%,5.3%,5.5%,5.9%

2016-06-15,5.4%,6.7%,7.9%,5.3%,5.5%,5.9%

2016-06-16,5.4%,6.7%,7.9%,5.3%,5.5%,5.9%

2016-06-17,5.4%,6.7%,7.9%,5.3%,5.5%,5.9%

2016-06-18,5.4%,6.7%,7.9%,5.3%,5.5%,5.9%

2016-06-19,5.4%,6.7%,7.9%,5.3%,5.5%,5.9%

2016-06-20,5.4%,6.7%,7.9%,5.3%,5.5%,5.9%

2016-06-21,5.4%,6.7%,7.9%,5.3%,5.5%,5.9%

2016-06-22,5.4%,6.7%,7.9%,5.3%,5.5%,5.9%

2016-06-23,5.4%,6.7%,7.9%,5.3%,5.5%,5.9%

2016-06-24,5.4%,6.7%,7.9%,5.3%,5.5%,5.9%

2016-06-25,5.4%,6.7%,7.9%,5.3%,5.5%,5.9%

2016-06-26,5.4%,6.7%,7.9%,5.3%,5.5%,5.9%

2016-06-27,5.4%,6.7%,7.9%,5.3%,5.5%,5.9%

2016-06-28,5.4%,6.7%,7.9%,5.3%,5.5%,5.9%

2016-06-29,5.4%,6.7%,7.9%,5.3%,5.5%,5.9%

2016-06-30,5.4%,6.7%,7.9%,5.3%,5.5%,5.9%

2016-07-01,5.4%,6.7%,7.9%,5.3%,5.5%,5.9%

2016-07-02,5.4%,6.7%,7.9%,5.3%,5.5%,5.9%

2016-07-03,5.4%,6.7%,7.9%,5.3%,5.5%,5.9%

2016-07-04,5.4%,6.7%,7.9%,5.3%,5.5%,5.9%

2016-07-05,5.4%,6.7%,7.9%,5.3%,5.5%,5.9%

2016-07-06,5.4%,6.7%,7.9%,5.3%,5.5%,5.9%

2016-07-07,5.4%,6.7%,7.9%,5.3%,5.5%,5.9%

2016-07-08,5.4%,6.7%,7.9%,5.3%,5.5%,5.9%

2016-07-09,5.4%,6.7%,7.9%,5.3%,5.5%,5.9%

2016-07-10,5.4%,6.7%,7.9%,5.3%,5.5%,5.9%

2016-07-11,5.4%,6.7%,7.9%,5.3%,5.5%,5.9%

2016-07-12,5.4%,6.7%,7.9%,5.3%,5.5%,5.9%

2016-07-13,5.4%,6.7%,7.9%,5.3%,5.5%,5.9%

2016-07-14,5.4%,6.7%,7.9%,5.3%,5.5%,5.9%

2016-07-15,5.4%,6.7%,7.9%,5.3%,5.5%,5.9%

2016-07-16,5.4%,6.7%,7.9%,5.3%,5.5%,5.9%

2016-07-17,5.4%,6.7%,7.9%,5.3%,5.5%,5.9%

2016-07-18,5.4%,6.7%,7.9%,5.3%,5.5%,5.9%

2016-07-19,5.4%,6.7%,7.9%,5.3%,5.5%,5.9%

2016-07-20,5.4%,6.7%,7.9%,5.3%,5.5%,5.9%

2016-07-21,5.4%,6.7%,7.9%,5.3%,5.5%,5.9%

2016-07-22,5.4%,6.7%,7.9%,5.3%,5.5%,5.9%

2016-07-23,5.4%,6.7%,7.9%,5.3%,5.5%,5.9%

2016-07-24,5.4%,6.7%,7.9%,5.3%,5.5%,5.9%

2016-07-25,5.4%,6.7%,7.9%,5.3%,5.5%,5.9%

2016-07-26,5.4%,6.7%,7.9%,5.3%,5.5%,5.9%

2016-07-27,5.4%,6.7%,7.9%,5.3%,5.5%,5.9%

2016-07-28,5.4%,6.7%,7.9%,5.3%,5.5%,5.9%

2016-07-29,5.4%,6.7%,7.9%,5.3%,5.5%,5.9%

2016-07-30,5.4%,6.7%,7.9%,5.3%,5.5%,5.9%

2016-07-31,5.4%,6.7%,7.9%,5.3%,5.5%,5.9%

2016-08-01,5.4%,6.7%,7.9%,5.3%,5.5%,5.9%

2016-08-02,5.4%,6.7%,7.9%,5.3%,5.5%,5.9%

2016-08-03,5.4%,6.7%,7.9%,5.3%,5.5%,5.9%

2016-08-04,5.4%,6.7%,7.9%,5.3%,5.5%,5.9%

2016-08-05,5.4%,6.7%,7.9%,5.3%,5.5%,5.9%

2016-08-06,5.4%,6.7%,7.9%,5.3%,5.5%,5.9%

2016-08-07,5.4%,6.7%,7.9%,5.3%,5.5%,5.9%

2016-08-08,5.4%,6.7%,7.9%,5.3%,5.5%,5.9%

2016-08-09,5.4%,6.7%,7.9%,5.3%,5.5%,5.9%

2016-08-10,5.4%,6.7%,7.9%,5.3%,5.5%,5.9%

2016-08-11,5.4%,6.7%,7.9%,5.3%,5.5%,5.9%

2016-08-12,5.4%,6.7%,7.9%,5.3%,5.5%,5.9%

2016-08-13,5.4%,6.7%,7.9%,5.3%,5.5%,5.9%

2016-08-14,5.4%,6.7%,7.9%,5.3%,5.5%,5.9%

2016-08-15,5.4%,6.7%,7.9%,5.3%,5.5%,5.9%

2016-08-16,5.4%,6.7%,7.9%,5.3%,5.5%,5.9%

2016-08-17,5.4%,6.7%,7.9%,5.3%,5.5%,5.9%

2016-08-18,5.4%,6.7%,7.9%,5.3%,5.5%,5.9%

2016-08-19,5.4%,6.7%,7.9%,5.3%,5.5%,5.9%

2016-08-20,5.4%,6.7%,7.9%,5.3%,5.5%,5.9%

2016-08-21,5.4%,6.7%,7.9%,5.3%,5.5%,5.9%

2016-08-22,5.4%,6.7%,7.9%,5.3%,5.5%,5.9%

2016-08-23,5.4%,6.7%,7.9%,5.3%,5.5%,5.9%

2016-08-24,5.4%,6.7%,7.9%,5.3%,5.5%,5.9%

2016-08-25,5.4%,6.7%,7.9%,5.3%,5.5%,5.9%

2016-08-26,5.4%,6.7%,7.9%,5.3%,5.5%,5.9%

2016-08-27,5.4%,6.7%,7.9%,5.3%,5.5%,5.9%

2016-08-28,5.4%,6.7%,7.9%,5.3%,5.5%,5.9%

2016-08-29,5.4%,6.7%,7.9%,5.3%,5.5%,5.9%

2016-08-30,5.4%,6.7%,7.9%,5.3%,5.5%,5.9%

2016-08-31,5.4%,6.7%,7.9%,5.3%,5.5%,5.9%

2016-09-01,5.4%,6.7%,7.9%,5.3%,5.5%,5.9%

2016-09-02,5.4%,6.7%,7.9%,5.3%,5.5%,5.9%

2016-09-03,5.4%,6.7%,7.9%,5.3%,5.5%,5.9%

2016-09-04,5.4%,6.7%,7.9%,5.3%,5.5%,5.9%

2016-09-05,5.4%,6.7%,7.9%,5.3%,5.5%,5.9%

2016-09-06,5.4%,6.7%,7.9%,5.3%,5.5%,5.9%

2016-09-07,5.4%,6.7%,7.9%,5.3%,5.5%,5.9%

2016-09-08,5.4%,6.7%,7.9%,5.3%,5.5%,5.9%

2016-09-09,5.4%,6.7%,7.9%,5.3%,5.5%,5.9%

2016-09-10,5.4%,6.7%,7.9%,5.3%,5.5%,5.9%

2016-09-11,5.4%,6.7%,7.9%,5.3%,5.5%,5.9%

2016-09-12,5.4%,6.7%,7.9%,5.3%,5.5%,5.9%

2016-09-13,5.4%,6.7%,7.9%,5.3%,5.5%,5.9%

2016-09-14,5.4%,6.7%,7.9%,5.3%,5.5%,5.9%

2016-09-15,5.4%,6.7%,7.9%,5.3%,5.5%,5.9%

2016-09-16,5.4%,6.7%,7.9%,5.3%,5.5%,5.9%

2016-09-17,5.4%,6.7%,7.9%,5.3%,5.5%,5.9%

2016-09-18,5.4%,6.7%,7.9%,5.3%,5.5%,5.9%

2016-09-19,5.4%,6.7%,7.9%,5.3%,5.5%,5.9%

2016-09-20,5.4%,6.7%,7.9%,5.3%,5.5%,5.9%

2016-09-21,5.4%,6.7%,7.9%,5.3%,5.5%,5.9%

2016-09-22,5.4%,6.7%,7.9%,5.3%,5.5%,5.9%

2016-09-23,5.4%,6.7%,7.9%,5.3%,5.5%,5.9%

2016-09-24,5.4%,6.7%,7.9%,5.3%,5.5%,5.9%

2016-09-25,5.4%,6.7%,7.9%,5.3%,5.5%,5.9%

2016-09-26,5.4%,6.7%,7.9%,5.3%,5.5%,5.9%

2016-09-27,5.4%,6.7%,7.9%,5.3%,5.5%,5.9%

2016-09-28,5.4%,6.7%,7.9%,5.3%,5.5%,5.9%

2016-09-29,5.4%,6.7%,7.9%,5.3%,5.5%,5.9%

2016-09-30,5.4%,6.7%,7.9%,5.3%,5.5%,5.9%

2016-10-01,5.4%,6.7%,7.9%,5.3%,5.5%,5.9%

2016-10-02,5.4%,6.7%,7.9%,5.3%,5.5%,5.9%

2016-10-03,5.4%,6.7%,7.9%,5.3%,5.5%,5.9%

2016-10-04,5.4%,6.7%,7.9%,5.3%,5.5%,5.9%

2016-10-05,5.4%,6.7%,7.9%,5.3%,5.5%,5.9%

2016-10-06,5.4%,6.7%,7.9%,5.3%,5.5%,5.9%

2016-10-07,5.4%,6.7%,7.9%,5.3%,5.5%,5.9%

2016-10-08,5.4%,6.7%,7.9%,5.3%,5.5%,5.9%

2016-10-09,5.4%,6.7%,7.9%,5.3%,5.5%,5.9%

2016-10-10,5.4%,6.7%,7.9%,5.3%,5.5%,5.9%

2016-10-11,5.4%,6.7%,7.9%,5.3%,5.5%,5.9%

2016-10-12,5.4%,6.7%,7.9%,5.3%,5.5%,5.9%

2016-10-13,5.4%,6.7%,7.9%,5.3%,5.5%,5.9%

2016-10-14,5.4%,6.7%,7.9%,5.3%,5.5%,5.9%

2016-10-15,5.4%,6.7%,7.9%,5.3%,5.5%,5.9%

2016-10-16,5.4%,6.7%,7.9%,5.3%,5.5%,5.9%

2016-10-17,5.4%,6.7%,7.9%,5.3%,5.5%,5.9%

2016-10-18,5.4%,6.7%,7.9%,5.3%,5.5%,5.9%

2016-10-19,5.4%,6.7%,7.9%,5.3%,5.5%,5.9%

2016-10-20,5.4%,6.7%,7.9%,5.3%,5.5%,5.9%

2016-10-21,5.4%,6.7%,7.9%,5.3%,5.5%,5.9%

2016-10-22,5.4%,6.7%,7.9%,5.3%,5.5%,5.9%

2016-10-23,5.4%,6.7%,7.9%,5.3%,5.5%,5.9%

2016-10-24,5.4%,6.7%,7.9%,5.3%,5.5%,5.9%

2016-10-25,--,--,--,--,--,5.4%

2016-10-26,--,--,--,--,--,5.4%

2016-10-27,--,--,--,--,--,5.4%

2016-10-28,4.9%,4.9%,4.9%,4.9%,--,5.4%

2016-10-29,4.9%,4.9%,4.9%,4.9%,--,5.4%

2016-10-30,6.3%,6.3%,7.7%,6.3%,--,5.4%

2016-10-31,6.3%,6.3%,7.7%,6.3%,--,5.4%

2016-11-01,6.7%,6.7%,7.5%,6.3%,7.5%,5.4%

2016-11-02,6.7%,6.7%,7.5%,6.3%,7.5%,5.4%

2016-11-03,6.7%,7.2%,6.5%,6.3%,7.0%,5.4%

2016-11-04,6.7%,7.2%,6.5%,6.3%,7.0%,5.4%

2016-11-05,6.1%,6.0%,3.8%,5.5%,7.0%,5.4%

2016-11-06,6.4%,6.0%,7.7%,5.5%,7.2%,5.4%

2016-11-07,6.4%,6.0%,7.7%,5.5%,7.2%,5.4%

2016-11-08,6.4%,6.1%,6.8%,5.8%,7.2%,5.4%

2016-11-09,6.4%,6.1%,6.8%,5.8%,7.2%,5.4%

2016-11-10,7.3%,9.2%,12.5%,5.8%,8.6%,5.4%

2016-11-11,7.2%,8.7%,6.3%,5.8%,8.2%,5.4%

2016-11-12,7.2%,8.7%,6.3%,5.8%,8.2%,5.4%

2016-11-13,7.1%,8.4%,6.1%,5.9%,8.2%,5.4%

2016-11-14,7.1%,8.4%,6.1%,5.9%,8.2%,5.4%

2016-11-15,7.1%,8.4%,6.1%,5.9%,8.2%,5.4%

2016-11-16,7.0%,6.2%,6.0%,5.9%,7.8%,5.4%

2016-11-17,7.0%,6.2%,6.0%,5.9%,7.8%,5.4%

2016-11-18,7.0%,6.4%,7.0%,5.9%,7.7%,5.4%

2016-11-19,7.0%,6.4%,7.0%,5.9%,7.7%,5.4%

2016-11-20,7.0%,7.0%,7.9%,5.9%,7.7%,5.4%

2016-11-21,6.9%,6.7%,5.3%,5.9%,7.5%,5.4%

2016-11-22,6.9%,6.7%,5.3%,5.9%,7.5%,5.4%

2016-11-23,6.8%,6.0%,5.1%,5.9%,7.2%,5.4%

2016-11-24,6.8%,6.0%,5.1%,5.9%,7.2%,5.4%

2016-11-25,6.8%,6.0%,5.1%,5.9%,7.2%,5.4%

2016-11-26,6.9%,6.5%,9.1%,5.9%,7.4%,5.4%

2016-11-27,6.9%,6.5%,9.1%,5.9%,7.4%,5.4%

2016-11-28,6.9%,6.5%,9.1%,5.9%,7.4%,5.4%

2016-11-29,6.9%,6.5%,9.1%,5.9%,7.4%,5.4%

2016-11-30,6.9%,6.5%,9.1%,5.9%,7.4%,5.4%

2016-12-01,7.3%,8.8%,12.1%,7.1%,7.4%,5.4%

2016-12-02,7.3%,8.8%,12.1%,7.1%,7.4%,5.4%

2016-12-03,7.4%,10.6%,10.3%,7.5%,7.4%,5.4%

2016-12-04,7.2%,8.9%,3.8%,7.5%,7.1%,5.4%

2016-12-05,7.2%,8.9%,3.8%,7.5%,7.1%,5.4%

2016-12-06,7.2%,7.1%,7.2%,7.5%,7.1%,5.4%

2016-12-07,7.2%,5.6%,5.7%,7.5%,7.0%,5.4%

2016-12-08,7.1%,5.6%,5.7%,7.5%,6.9%,5.4%

2016-12-09,7.1%,6.4%,6.2%,7.3%,6.9%,5.4%

2016-12-10,7.1%,6.4%,6.2%,7.3%,6.9%,5.4%

2016-12-11,7.1%,6.4%,7.2%,7.3%,6.9%,5.4%

2016-12-12,7.1%,6.4%,7.2%,7.3%,6.9%,5.4%

2016-12-13,7.1%,6.4%,7.2%,7.3%,6.9%,5.4%

2016-12-14,7.1%,6.6%,6.4%,7.2%,6.9%,5.4%

2016-12-15,7.1%,6.6%,6.4%,7.2%,6.9%,5.4%

2016-12-16,7.0%,6.0%,4.5%,7.2%,6.8%,5.4%

2016-12-17,7.0%,5.9%,6.9%,7.2%,6.8%,5.4%

2016-12-18,7.0%,5.9%,6.9%,7.2%,6.8%,5.4%

2016-12-19,7.0%,5.9%,6.9%,7.2%,6.8%,5.4%

2016-12-20,7.0%,6.7%,9.0%,7.3%,6.8%,5.4%

2016-12-21,7.0%,6.7%,9.0%,7.3%,6.8%,5.4%

2016-12-22,6.9%,6.5%,3.8%,7.1%,6.8%,5.4%

2016-12-23,6.9%,6.5%,3.8%,7.1%,6.8%,5.4%

2016-12-24,6.8%,5.8%,4.7%,7.1%,6.6%,5.4%

2016-12-25,6.8%,5.8%,4.7%,7.1%,6.6%,5.4%

2016-12-26,6.9%,5.6%,8.4%,7.1%,6.7%,5.4%

2016-12-27,7.0%,7.6%,9.8%,7.3%,6.7%,5.4%

2016-12-28,7.0%,7.6%,9.8%,7.3%,6.7%,5.4%

2016-12-29,7.0%,8.4%,7.2%,7.2%,6.7%,5.4%

2016-12-30,7.0%,8.4%,7.2%,7.2%,6.7%,5.4%

2016-12-31,7.0%,8.2%,7.6%,7.2%,6.8%,5.4%

2017-01-01,7.1%,7.9%,8.9%,7.3%,6.8%,5.4%

2017-01-02,7.1%,7.9%,8.9%,7.3%,6.8%,5.4%

2017-01-03,7.1%,8.6%,9.2%,7.4%,6.8%,5.4%

2017-01-04,7.1%,8.6%,9.2%,7.4%,6.8%,5.4%

2017-01-05,7.1%,8.5%,7.3%,7.4%,6.8%,5.4%

2017-01-06,7.1%,8.5%,7.3%,7.4%,6.8%,5.4%

2017-01-07,7.1%,8.5%,7.3%,7.4%,6.8%,5.4%

2017-01-08,7.0%,6.9%,4.3%,7.3%,6.8%,5.4%

2017-01-09,7.0%,6.9%,4.3%,7.3%,6.8%,5.4%

2017-01-10,7.0%,6.1%,6.9%,7.2%,6.8%,5.4%

2017-01-11,7.1%,6.7%,9.1%,7.2%,6.9%,5.4%

2017-01-12,7.1%,6.7%,9.1%,7.2%,6.9%,5.4%

2017-01-13,7.0%,6.8%,4.5%,7.2%,6.8%,5.4%

2017-01-14,7.0%,6.8%,4.5%,7.2%,6.8%,5.4%

2017-01-15,7.1%,7.6%,9.4%,7.3%,6.8%,5.4%

2017-01-16,7.1%,7.0%,7.1%,7.3%,6.8%,5.4%

2017-01-17,7.1%,7.0%,7.1%,7.3%,6.8%,5.4%

2017-01-18,7.1%,7.6%,6.0%,7.3%,6.8%,5.4%

2017-01-19,7.1%,7.6%,6.0%,7.3%,6.8%,5.4%

2017-01-20,7.1%,7.6%,6.0%,7.3%,6.8%,5.4%

2017-01-21,7.1%,8.0%,10.7%,7.3%,7.0%,5.4%

2017-01-22,7.1%,7.9%,6.7%,7.3%,7.0%,5.4%

2017-01-23,7.1%,7.9%,6.7%,7.3%,7.0%,5.4%

2017-01-24,7.1%,7.9%,6.7%,7.3%,7.0%,5.4%

2017-01-25,7.2%,9.7%,11.6%,7.3%,7.2%,5.4%

2017-01-26,7.2%,8.1%,5.7%,7.2%,7.2%,5.4%

2017-01-27,7.2%,8.1%,5.7%,7.2%,7.2%,5.4%

2017-01-28,7.2%,8.0%,6.5%,7.2%,7.2%,5.4%

2017-01-29,7.2%,8.0%,6.5%,7.2%,7.2%,5.4%

2017-01-30,7.2%,6.3%,6.8%,7.2%,7.2%,5.4%

2017-01-31,7.2%,6.3%,6.8%,7.2%,7.2%,5.4%

2017-02-01,7.2%,6.3%,6.8%,7.2%,7.2%,5.4%

2017-02-02,7.2%,6.5%,6.1%,7.2%,7.2%,5.4%

2017-02-03,7.2%,6.5%,6.1%,7.2%,7.2%,5.4%

2017-02-04,7.1%,6.3%,5.8%,7.2%,7.1%,5.4%

2017-02-05,7.1%,6.3%,5.8%,7.2%,7.1%,5.4%

2017-02-06,7.1%,6.3%,5.8%,7.2%,7.1%,5.4%

2017-02-07,7.2%,7.1%,9.6%,7.2%,7.2%,5.4%

2017-02-08,7.2%,7.1%,9.6%,7.2%,7.2%,5.4%

2017-02-09,7.2%,7.3%,6.6%,7.2%,7.2%,5.4%

2017-02-10,7.2%,7.3%,6.6%,7.2%,7.2%,5.4%

2017-02-11,7.2%,7.5%,6.4%,7.2%,7.1%,5.4%

2017-02-12,7.2%,7.5%,6.4%,7.2%,7.1%,5.4%

2017-02-13,7.1%,6.5%,6.4%,7.2%,7.1%,5.4%

2017-02-14,7.1%,6.5%,6.4%,7.2%,7.1%,5.4%

2017-02-15,7.1%,6.8%,7.5%,7.2%,7.1%,5.4%

2017-02-16,7.1%,6.8%,7.5%,7.2%,7.1%,5.4%

2017-02-17,7.1%,5.5%,2.1%,7.0%,7.1%,5.4%

2017-02-18,7.1%,5.5%,2.1%,7.0%,7.1%,5.4%

2017-02-19,7.1%,5.5%,2.1%,7.0%,7.1%,5.4%

2017-02-20,7.1%,5.5%,2.1%,7.0%,7.1%,5.4%

2017-02-21,7.1%,5.5%,2.1%,7.0%,7.1%,5.4%

2017-02-22,7.1%,5.5%,2.1%,7.0%,7.1%,5.4%

2017-02-23,7.1%,5.5%,2.1%,7.0%,7.1%,5.4%

2017-02-24,7.1%,5.5%,2.1%,7.0%,7.1%,5.4%

2017-02-25,7.2%,7.7%,12.2%,7.2%,7.1%,5.4%

2017-02-26,7.1%,7.2%,6.0%,7.2%,7.1%,5.4%

2017-02-27,7.1%,7.2%,6.0%,7.2%,7.1%,5.4%

2017-02-28,7.1%,7.2%,6.0%,7.2%,7.1%,5.4%

2017-03-01,7.2%,9.4%,9.3%,7.3%,7.1%,5.4%

2017-03-02,7.2%,9.4%,9.3%,7.3%,7.1%,5.4%

2017-03-03,7.2%,7.9%,8.3%,7.3%,7.1%,5.4%

2017-03-04,7.2%,7.9%,8.3%,7.3%,7.1%,5.4%

2017-03-05,7.3%,9.3%,10.2%,7.4%,7.1%,5.4%

2017-03-06,7.3%,9.3%,10.2%,7.4%,7.1%,5.4%

2017-03-07,7.2%,7.1%,2.8%,7.4%,7.0%,5.4%

2017-03-08,7.2%,7.1%,2.8%,7.4%,7.0%,5.4%

2017-03-09,7.1%,5.2%,2.7%,7.4%,6.8%,5.4%

2017-03-10,7.1%,5.2%,2.7%,7.4%,6.8%,5.4%

2017-03-11,7.1%,4.7%,8.7%,7.4%,6.8%,5.4%

2017-03-12,7.1%,4.7%,8.7%,7.4%,6.8%,5.4%

2017-03-13,7.2%,7.7%,11.9%,7.4%,7.0%,5.4%

2017-03-14,7.2%,8.7%,5.5%,7.4%,6.9%,5.4%

2017-03-15,7.2%,8.7%,5.5%,7.4%,6.9%,5.4%

2017-03-16,7.1%,7.7%,5.8%,7.4%,6.9%,5.4%

2017-03-17,7.1%,7.7%,5.8%,7.4%,6.9%,5.4%

2017-03-18,7.1%,5.2%,4.3%,7.4%,6.9%,5.4%

2017-03-19,7.1%,5.5%,6.5%,7.3%,6.9%,5.4%

2017-03-20,7.1%,5.5%,6.5%,7.3%,6.9%,5.4%

2017-03-21,7.1%,5.5%,6.5%,7.3%,6.9%,5.4%

2017-03-22,7.1%,6.0%,7.2%,7.3%,6.9%,5.4%

2017-03-23,7.1%,8.2%,10.9%,7.4%,6.9%,5.4%

2017-03-24,7.1%,8.2%,10.9%,7.4%,6.9%,5.4%

2017-03-25,7.1%,8.6%,7.8%,7.4%,6.9%,5.4%

2017-03-26,7.1%,8.6%,7.8%,7.4%,6.9%,5.4%

2017-03-27,7.1%,7.6%,3.9%,7.4%,6.8%,5.4%

2017-03-28,7.1%,7.6%,3.9%,7.4%,6.8%,5.4%

2017-03-29,7.1%,7.6%,3.9%,7.4%,6.8%,5.4%

2017-03-30,7.1%,7.6%,3.9%,7.4%,6.8%,5.4%

2017-03-31,7.1%,7.4%,10.4%,7.5%,6.8%,5.4%

2017-04-01,7.1%,7.4%,10.4%,7.5%,6.8%,5.4%

2017-04-02,7.1%,6.6%,5.5%,7.4%,6.8%,5.4%

2017-04-03,7.1%,7.4%,6.4%,7.4%,6.8%,5.4%

2017-04-04,7.1%,7.4%,6.4%,7.4%,6.8%,5.4%

2017-04-05,7.1%,6.3%,7.1%,7.4%,6.8%,5.4%

2017-04-06,7.1%,6.3%,7.1%,7.4%,6.8%,5.4%

2017-04-07,7.1%,6.5%,6.1%,7.4%,6.8%,5.4%

2017-04-08,7.1%,6.5%,6.1%,7.4%,6.8%,5.4%

2017-04-09,7.1%,5.8%,5.2%,7.4%,6.7%,5.4%

2017-04-10,7.1%,5.8%,5.2%,7.4%,6.7%,5.4%

2017-04-11,7.1%,7.4%,11.1%,7.5%,6.7%,5.4%

2017-04-12,7.1%,7.4%,11.1%,7.5%,6.7%,5.4%

2017-04-13,7.2%,9.8%,13.2%,7.7%,6.7%,5.4%

2017-04-14,7.2%,9.8%,13.2%,7.7%,6.7%,5.4%

2017-04-15,7.2%,9.8%,13.2%,7.7%,6.7%,5.4%

2017-04-16,7.2%,9.8%,13.2%,7.7%,6.7%,5.4%

2017-04-17,7.2%,11.1%,8.9%,7.7%,6.8%,5.4%

2017-04-18,7.2%,11.1%,8.9%,7.7%,6.8%,5.4%

2017-04-19,7.3%,11.1%,11.2%,7.7%,6.9%,5.4%

2017-04-20,7.3%,11.1%,11.2%,7.7%,6.9%,5.4%

2017-04-21,7.3%,11.1%,11.2%,7.7%,6.9%,5.4%

2017-04-22,7.3%,9.0%,6.9%,7.7%,6.9%,5.4%

2017-04-23,7.3%,9.0%,6.9%,7.7%,6.9%,5.4%

2017-04-24,7.2%,7.7%,4.9%,7.6%,6.9%,5.4%

2017-04-25,7.2%,7.7%,4.8%,7.6%,6.9%,5.4%

2017-04-26,7.2%,7.7%,4.8%,7.6%,6.9%,5.4%

2017-04-27,7.2%,5.2%,3.9%,7.6%,6.8%,5.4%

2017-04-28,7.2%,5.2%,3.9%,7.6%,6.8%,5.4%

2017-04-29,7.2%,4.6%,5.0%,7.5%,6.8%,5.4%

2017-04-30,7.2%,4.6%,5.0%,7.5%,6.8%,5.4%

2017-05-01,7.2%,4.6%,5.0%,7.5%,6.8%,5.4%

2017-05-02,7.2%,4.6%,5.0%,7.5%,6.8%,5.4%

2017-05-03,7.2%,4.6%,5.0%,7.5%,6.8%,5.4%

2017-05-04,7.2%,4.6%,5.0%,7.5%,6.8%,5.4%

2017-05-05,7.2%,4.6%,5.0%,7.5%,6.8%,5.4%

2017-05-06,7.2%,4.6%,5.0%,7.5%,6.8%,5.4%

2017-05-07,7.2%,4.6%,5.0%,7.5%,6.8%,5.4%

2017-05-08,7.2%,4.6%,5.0%,7.5%,6.8%,5.4%

2017-05-09,7.2%,4.6%,5.0%,7.5%,6.8%,5.4%

2017-05-10,7.2%,4.6%,5.0%,7.5%,6.8%,5.4%

2017-05-11,7.2%,4.6%,5.0%,7.5%,6.8%,5.4%

2017-05-12,7.2%,4.6%,5.0%,7.5%,6.8%,5.4%

2017-05-13,7.2%,4.6%,5.0%,7.5%,6.8%,5.4%

2017-05-14,7.2%,4.6%,5.0%,7.5%,6.8%,5.4%

2017-05-15,7.2%,4.6%,5.0%,7.5%,6.8%,5.4%

2017-05-16,7.2%,4.6%,5.0%,7.5%,6.8%,5.4%

2017-05-17,7.2%,4.6%,5.0%,7.5%,6.8%,5.4%

2017-05-18,7.2%,4.6%,5.0%,7.5%,6.8%,5.4%

2017-05-19,7.2%,4.6%,5.0%,7.5%,6.8%,5.4%

2017-05-20,7.2%,4.6%,5.0%,7.5%,6.8%,5.4%

2017-05-21,7.2%,4.6%,5.0%,7.5%,6.8%,5.4%

2017-05-22,7.2%,4.6%,5.0%,7.5%,6.8%,5.4%

2017-05-23,7.2%,4.6%,5.0%,7.5%,6.8%,5.4%

2017-05-24,7.2%,4.6%,5.0%,7.5%,6.8%,5.4%

2017-05-25,7.2%,4.6%,5.0%,7.5%,6.8%,5.4%

2017-05-26,7.2%,4.6%,5.0%,7.5%,6.8%,5.4%

2017-05-27,7.2%,4.6%,5.0%,7.5%,6.8%,5.4%

2017-05-28,7.2%,4.6%,5.0%,7.5%,6.8%,5.4%

2017-05-29,7.2%,4.6%,5.0%,7.5%,6.8%,5.4%

2017-05-30,7.2%,4.6%,5.0%,7.5%,6.8%,5.4%

2017-05-31,7.2%,4.6%,5.0%,7.5%,6.8%,5.4%

2017-06-01,7.2%,4.6%,5.0%,7.5%,6.8%,5.4%

2017-06-02,7.2%,4.6%,5.0%,7.5%,6.8%,5.4%

2017-06-03,7.2%,4.6%,5.0%,7.5%,6.8%,5.4%

2017-06-04,7.2%,4.6%,5.0%,7.5%,6.8%,5.4%

2017-06-05,7.2%,4.6%,5.0%,7.5%,6.8%,5.4%

2017-06-06,7.2%,4.6%,5.0%,7.5%,6.8%,5.4%

2017-06-07,7.2%,4.6%,5.0%,7.5%,6.8%,5.4%

2017-06-08,7.2%,4.6%,5.0%,7.5%,6.8%,5.4%

2017-06-09,7.2%,4.6%,5.0%,7.5%,6.8%,5.4%

2017-06-10,7.2%,4.6%,5.0%,7.5%,6.8%,5.4%

2017-06-11,7.2%,4.6%,5.0%,7.5%,6.8%,5.4%

2017-06-12,7.2%,4.6%,5.0%,7.5%,6.8%,5.4%

2017-06-13,7.2%,4.6%,5.0%,7.5%,6.8%,5.4%

2017-06-14,7.2%,4.6%,5.0%,7.5%,6.8%,5.4%

2017-06-15,7.2%,4.6%,5.0%,7.5%,6.8%,5.4%

2017-06-16,7.2%,4.6%,5.0%,7.5%,6.8%,5.4%

2017-06-17,7.2%,4.6%,5.0%,7.5%,6.8%,5.4%

2017-06-18,7.2%,4.6%,5.0%,7.5%,6.8%,5.4%

2017-06-19,7.2%,4.6%,5.0%,7.5%,6.8%,5.4%

2017-06-20,7.2%,4.6%,5.0%,7.5%,6.8%,5.4%

2017-06-21,7.2%,4.6%,5.0%,7.5%,6.8%,5.4%

2017-06-22,7.2%,4.6%,5.0%,7.5%,6.8%,5.4%

2017-06-23,7.2%,4.6%,5.0%,7.5%,6.8%,5.4%

2017-06-24,7.2%,4.6%,5.0%,7.5%,6.8%,5.4%

2017-06-25,7.2%,4.6%,5.0%,7.5%,6.8%,5.4%

2017-06-26,7.2%,4.6%,5.0%,7.5%,6.8%,5.4%

2017-06-27,7.2%,4.6%,5.0%,7.5%,6.8%,5.4%

2017-06-28,7.2%,4.6%,5.0%,7.5%,6.8%,5.4%

2017-06-29,7.2%,4.6%,5.0%,7.5%,6.8%,5.4%

2017-06-30,7.2%,4.6%,5.0%,7.5%,6.8%,5.4%

2017-07-01,7.2%,4.6%,5.0%,7.5%,6.8%,5.4%

2017-07-02,7.2%,4.6%,5.0%,7.5%,6.8%,5.4%

2017-07-03,7.2%,4.6%,5.0%,7.5%,6.8%,5.4%

2017-07-04,7.2%,4.6%,5.0%,7.5%,6.8%,5.4%

2017-07-05,7.2%,4.6%,5.0%,7.5%,6.8%,5.4%

2017-07-06,7.2%,4.6%,5.0%,7.5%,6.8%,5.4%

2017-07-07,7.2%,4.6%,5.0%,7.5%,6.8%,5.4%

2017-07-08,7.2%,4.6%,5.0%,7.5%,6.8%,5.4%

2017-07-09,7.2%,4.6%,5.0%,7.5%,6.8%,5.4%

2017-07-10,7.2%,4.6%,5.0%,7.5%,6.8%,5.4%

2017-07-11,7.2%,4.6%,5.0%,7.5%,6.8%,5.4%

2017-07-12,7.2%,4.6%,5.0%,7.5%,6.8%,5.4%

2017-07-13,7.2%,4.6%,5.0%,7.5%,6.8%,5.4%

2017-07-14,7.2%,4.6%,5.0%,7.5%,6.8%,5.4%

2017-07-15,7.2%,4.6%,5.0%,7.5%,6.8%,5.4%

2017-07-16,7.2%,4.6%,5.0%,7.5%,6.8%,5.4%

2017-07-17,7.2%,4.6%,5.0%,7.5%,6.8%,5.4%

2017-07-18,7.2%,4.6%,5.0%,7.5%,6.8%,5.4%

2017-07-19,7.2%,4.6%,5.0%,7.5%,6.8%,5.4%

2017-07-20,7.2%,4.6%,5.0%,7.5%,6.8%,5.4%

2017-07-21,7.2%,4.6%,5.0%,7.5%,6.8%,5.4%

2017-07-22,7.2%,4.6%,5.0%,7.5%,6.8%,5.4%

2017-07-23,7.2%,4.6%,5.0%,7.5%,6.8%,5.4%

2017-07-24,7.2%,4.6%,5.0%,7.5%,6.8%,5.4%

2017-07-25,7.2%,4.6%,5.0%,7.5%,6.8%,5.4%

2017-07-26,7.2%,4.6%,5.0%,7.5%,6.8%,5.4%

2017-07-27,7.2%,4.6%,5.0%,7.5%,6.8%,5.4%

2017-07-28,7.2%,4.6%,5.0%,7.5%,6.8%,5.4%

2017-07-29,7.2%,4.6%,5.0%,7.5%,6.8%,5.4%

2017-07-30,7.2%,4.6%,5.0%,7.5%,6.8%,5.4%

2017-07-31,7.2%,4.6%,5.0%,7.5%,6.8%,5.4%

2017-08-01,7.2%,4.6%,5.0%,7.5%,6.8%,5.4%

2017-08-02,7.2%,4.6%,5.0%,7.5%,6.8%,5.4%

2017-08-03,7.2%,4.6%,5.0%,7.5%,6.8%,5.4%

2017-08-04,7.2%,4.6%,5.0%,7.5%,6.8%,5.4%

2017-08-05,7.2%,4.6%,5.0%,7.5%,6.8%,5.4%

2017-08-06,7.2%,4.6%,5.0%,7.5%,6.8%,5.4%

2017-08-07,7.2%,4.6%,5.0%,7.5%,6.8%,5.4%

2017-08-08,7.2%,4.6%,5.0%,7.5%,6.8%,5.4%

2017-08-09,7.2%,4.6%,5.0%,7.5%,6.8%,5.4%

2017-08-10,7.2%,4.6%,5.0%,7.5%,6.8%,5.4%

2017-08-11,7.2%,4.6%,5.0%,7.5%,6.8%,5.4%

2017-08-12,7.2%,4.6%,5.0%,7.5%,6.8%,5.4%

2017-08-13,7.2%,4.6%,5.0%,7.5%,6.8%,5.4%

2017-08-14,7.2%,4.6%,5.0%,7.5%,6.8%,5.4%

2017-08-15,7.2%,4.6%,5.0%,7.5%,6.8%,5.4%

2017-08-16,7.2%,4.6%,5.0%,7.5%,6.8%,5.4%

2017-08-17,7.2%,4.6%,5.0%,7.5%,6.8%,5.4%

2017-08-18,7.2%,4.6%,5.0%,7.5%,6.8%,5.4%

2017-08-19,7.2%,4.6%,5.0%,7.5%,6.8%,5.4%

2017-08-20,7.2%,4.6%,5.0%,7.5%,6.8%,5.4%

2017-08-21,7.2%,4.6%,5.0%,7.5%,6.8%,5.4%

2017-08-22,7.2%,4.6%,5.0%,7.5%,6.8%,5.4%

2017-08-23,7.2%,4.6%,5.0%,7.5%,6.8%,5.4%

2017-08-24,7.2%,4.6%,5.0%,7.5%,6.8%,5.4%

2017-08-25,7.2%,4.6%,5.0%,7.5%,6.8%,5.4%

2017-08-26,7.2%,4.6%,5.0%,7.5%,6.8%,5.4%

2017-08-27,7.2%,4.6%,5.0%,7.5%,6.8%,5.4%

2017-08-28,7.2%,4.6%,5.0%,7.5%,6.8%,5.4%

2017-08-29,7.2%,4.6%,5.0%,7.5%,6.8%,5.4%

2017-08-30,7.2%,4.6%,5.0%,7.5%,6.8%,5.4%

2017-08-31,7.2%,4.6%,5.0%,7.5%,6.8%,5.4%

2017-09-01,7.2%,4.6%,5.0%,7.5%,6.8%,5.4%

2017-09-02,7.2%,4.6%,5.0%,7.5%,6.8%,5.4%

2017-09-03,7.2%,4.6%,5.0%,7.5%,6.8%,5.4%

2017-09-04,7.2%,4.6%,5.0%,7.5%,6.8%,5.4%

2017-09-05,7.2%,4.6%,5.0%,7.5%,6.8%,5.4%

2017-09-06,7.2%,4.6%,5.0%,7.5%,6.8%,5.4%

2017-09-07,7.2%,4.6%,5.0%,7.5%,6.8%,5.4%

2017-09-08,7.2%,4.6%,5.0%,7.5%,6.8%,5.4%

2017-09-09,7.2%,4.6%,5.0%,7.5%,6.8%,5.4%

2017-09-10,7.2%,4.6%,5.0%,7.5%,6.8%,5.4%

2017-09-11,7.2%,4.6%,5.0%,7.5%,6.8%,5.4%

2017-09-12,7.2%,4.6%,5.0%,7.5%,6.8%,5.4%

2017-09-13,7.2%,4.6%,5.0%,7.5%,6.8%,5.4%

2017-09-14,7.2%,4.6%,5.0%,7.5%,6.8%,5.4%

2017-09-15,7.2%,4.6%,5.0%,7.5%,6.8%,5.4%

2017-09-16,7.2%,4.6%,5.0%,7.5%,6.8%,5.4%

2017-09-17,7.2%,4.6%,5.0%,7.5%,6.8%,5.4%

2017-09-18,7.2%,4.6%,5.0%,7.5%,6.8%,5.4%

2017-09-19,7.2%,4.6%,5.0%,7.5%,6.8%,5.4%

2017-09-20,7.2%,4.6%,5.0%,7.5%,6.8%,5.4%

2017-09-21,7.2%,4.6%,5.0%,7.5%,6.8%,5.4%

2017-09-22,7.2%,4.6%,5.0%,7.5%,6.8%,5.4%

2017-09-23,7.2%,4.6%,5.0%,7.5%,6.8%,5.4%

2017-09-24,7.2%,4.6%,5.0%,7.5%,6.8%,5.4%

2017-09-25,7.2%,4.6%,5.0%,7.5%,6.8%,5.4%

2017-09-26,7.2%,4.6%,5.0%,7.5%,6.8%,5.4%

2017-09-27,7.2%,4.6%,5.0%,7.5%,6.8%,5.4%

2017-09-28,7.2%,4.6%,5.0%,7.5%,6.8%,5.4%

2017-09-29,7.2%,4.6%,5.0%,7.5%,6.8%,5.4%

2017-09-30,7.2%,4.6%,5.0%,7.5%,6.8%,5.4%

2017-10-01,7.2%,4.6%,5.0%,7.5%,6.8%,5.4%

2017-10-02,7.2%,4.6%,5.0%,7.5%,6.8%,5.4%

2017-10-03,7.2%,4.6%,5.0%,7.5%,6.8%,5.4%

2017-10-04,7.2%,4.6%,5.0%,7.5%,6.8%,5.4%

2017-10-05,7.2%,4.6%,5.0%,7.5%,6.8%,5.4%

2017-10-06,7.2%,4.6%,5.0%,7.5%,6.8%,5.4%

2017-10-07,7.2%,4.6%,5.0%,7.5%,6.8%,5.4%

2017-10-08,7.2%,4.6%,5.0%,7.5%,6.8%,5.4%

2017-10-09,7.2%,4.6%,5.0%,7.5%,6.8%,5.4%

2017-10-10,7.2%,4.6%,5.0%,7.5%,6.8%,5.4%

2017-10-11,7.2%,4.6%,5.0%,7.5%,6.8%,5.4%

2017-10-12,7.2%,4.6%,5.0%,7.5%,6.8%,5.4%

2017-10-13,7.2%,4.6%,5.0%,7.5%,6.8%,5.4%

2017-10-14,7.2%,4.6%,5.0%,7.5%,6.8%,5.4%

2017-10-15,7.2%,4.6%,5.0%,7.5%,6.8%,5.4%

2017-10-16,7.2%,4.6%,5.0%,7.5%,6.8%,5.4%

2017-10-17,--,--,--,--,--,7.2%

2017-10-18,--,--,--,--,--,7.2%

2017-10-19,--,--,--,--,--,7.2%

2017-10-20,6.0%,6.0%,6.0%,--,6.0%,7.2%

2017-10-21,6.0%,6.0%,6.0%,--,6.0%,7.2%

2017-10-22,4.4%,4.4%,2.7%,2.7%,6.0%,7.2%

2017-10-23,4.4%,4.4%,2.7%,2.7%,6.0%,7.2%

2017-10-24,4.4%,4.4%,2.7%,2.7%,6.0%,7.2%

2017-10-25,3.9%,3.9%,2.9%,2.7%,4.5%,7.2%

2017-10-26,3.9%,3.9%,2.9%,2.7%,4.5%,7.2%

2017-10-27,4.1%,3.5%,5.0%,3.8%,4.5%,7.2%

2017-10-28,4.1%,3.5%,5.0%,3.8%,4.5%,7.2%

2017-10-29,5.0%,5.5%,8.4%,5.3%,4.5%,7.2%

2017-10-30,5.0%,5.5%,8.4%,5.3%,4.5%,7.2%

2017-10-31,5.0%,5.5%,8.4%,5.3%,4.5%,7.2%

2017-11-01,5.0%,5.5%,8.4%,5.3%,4.5%,7.2%

2017-11-02,5.3%,6.7%,6.7%,5.3%,5.2%,7.2%

2017-11-03,5.3%,6.7%,6.7%,5.3%,5.2%,7.2%

2017-11-04,5.3%,7.0%,5.7%,5.3%,5.3%,7.2%

2017-11-05,5.8%,7.1%,8.9%,6.2%,5.3%,7.2%

2017-11-06,5.8%,7.1%,8.9%,6.2%,5.3%,7.2%

2017-11-07,5.8%,7.1%,8.9%,6.2%,5.3%,7.2%

2017-11-08,6.2%,8.0%,9.3%,6.2%,6.1%,7.2%

2017-11-09,6.2%,8.0%,9.3%,6.2%,6.1%,7.2%

2017-11-10,6.2%,8.0%,9.3%,6.2%,6.1%,7.2%

2017-11-11,6.5%,9.2%,9.4%,6.9%,6.1%,7.2%

2017-11-12,6.7%,9.0%,8.4%,6.9%,6.5%,7.2%

2017-11-13,6.7%,9.0%,8.4%,6.9%,6.5%,7.2%

2017-11-14,6.7%,9.0%,8.4%,6.9%,6.5%,7.2%

2017-11-15,6.7%,9.0%,8.4%,6.9%,6.5%,7.2%

2017-11-16,6.7%,8.2%,6.7%,6.9%,6.5%,7.2%

2017-11-17,6.7%,8.2%,6.7%,6.9%,6.5%,7.2%

2017-11-18,6.8%,7.8%,8.2%,7.1%,6.5%,7.2%

2017-11-19,6.8%,7.8%,8.2%,7.1%,6.5%,7.2%

2017-11-20,6.6%,6.4%,4.4%,7.1%,6.2%,7.2%

2017-11-21,6.6%,6.4%,4.4%,7.1%,6.2%,7.2%

2017-11-22,6.4%,5.3%,3.5%,7.1%,5.9%,7.2%

2017-11-23,6.2%,3.6%,2.9%,7.1%,5.6%,7.2%

2017-11-24,6.2%,3.6%,2.9%,7.1%,5.6%,7.2%

2017-11-25,6.2%,4.2%,6.2%,7.1%,5.7%,7.2%

2017-11-26,6.2%,4.2%,6.2%,7.1%,5.7%,7.2%

2017-11-27,6.4%,6.3%,9.8%,7.5%,5.7%,7.2%

2017-11-28,6.4%,6.3%,9.8%,7.5%,5.7%,7.2%

2017-11-29,6.6%,8.5%,9.8%,7.8%,5.7%,7.2%

2017-11-30,6.6%,8.5%,9.8%,7.8%,5.7%,7.2%

2017-12-01,6.4%,7.7%,3.7%,7.8%,5.5%,7.2%

2017-12-02,6.5%,7.1%,7.7%,7.8%,5.5%,7.2%

2017-12-03,6.5%,7.1%,7.7%,7.8%,5.5%,7.2%

2017-12-04,6.5%,7.1%,7.7%,7.8%,5.5%,7.2%

2017-12-05,6.4%,5.2%,4.1%,7.4%,5.5%,7.2%

2017-12-06,6.4%,5.2%,4.1%,7.4%,5.5%,7.2%

2017-12-07,6.2%,4.9%,2.9%,7.4%,5.3%,7.2%

2017-12-08,6.2%,4.9%,2.9%,7.4%,5.3%,7.2%

2017-12-09,6.1%,3.7%,4.0%,7.4%,5.2%,7.2%

2017-12-10,6.2%,5.3%,9.2%,7.6%,5.2%,7.2%

2017-12-11,6.2%,5.3%,9.2%,7.6%,5.2%,7.2%

2017-12-12,6.3%,7.1%,8.6%,7.7%,5.2%,7.2%

2017-12-13,6.3%,7.1%,8.6%,7.7%,5.2%,7.2%

2017-12-14,6.4%,8.7%,8.2%,7.7%,5.2%,7.2%

2017-12-15,6.4%,8.7%,8.2%,7.7%,5.2%,7.2%

2017-12-16,6.4%,8.1%,7.4%,7.7%,5.4%,7.2%

2017-12-17,6.4%,8.1%,7.4%,7.7%,5.4%,7.2%

2017-12-18,6.4%,8.1%,7.4%,7.7%,5.4%,7.2%

2017-12-19,6.5%,7.7%,7.5%,7.7%,5.4%,7.2%

2017-12-20,6.5%,7.7%,7.5%,7.7%,5.4%,7.2%

2017-12-21,6.4%,6.8%,5.6%,7.6%,5.4%,7.2%

2017-12-22,6.5%,6.9%,7.6%,7.6%,5.5%,7.2%

2017-12-23,6.5%,6.9%,7.6%,7.6%,5.5%,7.2%

2017-12-24,6.4%,5.6%,3.7%,7.6%,5.4%,7.2%

2017-12-25,6.4%,5.6%,3.7%,7.6%,5.4%,7.2%

2017-12-26,6.4%,5.6%,3.7%,7.6%,5.4%,7.2%

2017-12-27,6.5%,7.1%,9.8%,7.6%,5.6%,7.2%

2017-12-28,6.6%,7.2%,8.2%,7.6%,5.6%,7.2%

2017-12-29,6.6%,7.2%,8.2%,7.6%,5.6%,7.2%

2017-12-30,6.5%,7.8%,5.4%,7.5%,5.6%,7.2%

2017-12-31,6.5%,7.8%,5.4%,7.5%,5.6%,7.2%

2018-01-01,6.5%,6.2%,5.3%,7.5%,5.6%,7.2%

2018-01-02,6.4%,4.9%,4.0%,7.2%,5.6%,7.2%

2018-01-03,6.4%,4.9%,4.0%,7.2%,5.6%,7.2%

2018-01-04,6.4%,4.6%,4.4%,7.1%,5.6%,7.2%

2018-01-05,6.4%,4.6%,4.4%,7.1%,5.6%,7.2%

2018-01-06,6.4%,5.4%,8.0%,7.1%,5.7%,7.2%

2018-01-07,6.3%,5.4%,3.7%,7.1%,5.6%,7.2%

2018-01-08,6.3%,5.4%,3.7%,7.1%,5.6%,7.2%

2018-01-09,6.3%,5.7%,5.2%,7.0%,5.6%,7.2%

2018-01-10,6.3%,5.7%,5.2%,7.0%,5.6%,7.2%

2018-01-11,6.4%,5.8%,8.0%,7.0%,5.8%,7.2%

2018-01-12,6.4%,5.8%,8.0%,7.0%,5.8%,7.2%

2018-01-13,6.4%,5.8%,8.0%,7.0%,5.8%,7.2%

2018-01-14,6.4%,7.4%,8.9%,7.1%,5.8%,7.2%

2018-01-15,6.4%,7.4%,8.9%,7.1%,5.8%,7.2%

2018-01-16,6.4%,7.5%,5.6%,7.0%,5.8%,7.2%

2018-01-17,6.4%,7.5%,5.6%,7.0%,5.8%,7.2%

2018-01-18,6.4%,7.8%,8.9%,7.1%,5.8%,7.2%

2018-01-19,6.4%,7.8%,8.9%,7.1%,5.8%,7.2%

2018-01-20,6.4%,7.8%,8.9%,7.1%,5.8%,7.2%

2018-01-21,6.5%,7.2%,7.0%,7.1%,5.8%,7.2%

2018-01-22,6.5%,7.2%,7.0%,7.1%,5.8%,7.2%

2018-01-23,6.4%,7.1%,5.7%,7.1%,5.8%,7.2%

2018-01-24,6.4%,7.1%,5.7%,7.1%,5.8%,7.2%

2018-01-25,6.5%,6.6%,7.4%,7.1%,5.9%,7.2%

2018-01-26,6.5%,6.6%,7.4%,7.1%,5.9%,7.2%

2018-01-27,6.4%,5.3%,2.7%,6.9%,5.9%,7.2%

2018-01-28,6.4%,5.3%,2.7%,6.9%,5.9%,7.2%

2018-01-29,6.4%,5.8%,7.6%,6.9%,5.9%,7.2%

2018-01-30,6.4%,5.8%,7.6%,6.9%,5.9%,7.2%

2018-01-31,6.4%,5.8%,7.6%,6.9%,5.9%,7.2%

2018-02-01,6.5%,6.4%,9.2%,6.9%,6.0%,7.2%

2018-02-02,6.5%,6.4%,9.2%,6.9%,6.0%,7.2%

2018-02-03,6.5%,6.4%,9.2%,6.9%,6.0%,7.2%

2018-02-04,6.4%,7.3%,5.2%,6.9%,6.0%,7.2%

2018-02-05,6.4%,7.3%,5.2%,6.9%,6.0%,7.2%

2018-02-06,6.4%,6.7%,5.7%,6.9%,6.0%,7.2%

2018-02-07,6.4%,6.7%,5.7%,6.9%,6.0%,7.2%

2018-02-08,6.4%,6.7%,5.7%,6.9%,6.0%,7.2%

2018-02-09,6.4%,6.7%,5.7%,6.9%,6.0%,7.2%

2018-02-10,6.4%,5.1%,4.4%,6.8%,6.0%,7.2%

2018-02-11,6.5%,6.9%,10.8%,7.0%,6.0%,7.2%

2018-02-12,6.5%,6.9%,10.8%,7.0%,6.0%,7.2%

2018-02-13,6.4%,6.6%,4.9%,6.9%,6.0%,7.2%

2018-02-14,6.4%,6.9%,5.8%,6.9%,6.0%,7.2%

2018-02-15,6.4%,7.0%,4.7%,6.9%,6.0%,7.2%

2018-02-16,6.4%,7.0%,4.7%,6.9%,6.0%,7.2%

2018-02-17,6.4%,7.0%,4.7%,6.9%,6.0%,7.2%

2018-02-18,6.4%,7.0%,4.7%,6.9%,6.0%,7.2%

2018-02-19,6.4%,7.0%,4.7%,6.9%,6.0%,7.2%

2018-02-20,6.4%,7.0%,4.7%,6.9%,6.0%,7.2%

2018-02-21,6.4%,7.0%,4.7%,6.9%,6.0%,7.2%

2018-02-22,6.4%,7.0%,4.7%,6.9%,6.0%,7.2%

2018-02-23,6.4%,4.9%,4.4%,6.8%,6.0%,7.2%

2018-02-24,6.4%,4.9%,4.4%,6.8%,6.0%,7.2%

2018-02-25,6.3%,4.4%,4.2%,6.8%,5.9%,7.2%

2018-02-26,6.3%,4.4%,4.2%,6.8%,5.9%,7.2%

2018-02-27,6.4%,5.3%,7.3%,6.8%,5.9%,7.2%

2018-02-28,6.4%,6.3%,7.5%,6.8%,6.0%,7.2%

2018-03-01,6.4%,6.3%,7.5%,6.8%,6.0%,7.2%

2018-03-02,6.4%,6.3%,7.5%,6.8%,6.0%,7.2%

2018-03-03,6.4%,7.6%,8.1%,6.8%,6.0%,7.2%

2018-03-04,6.4%,7.6%,8.1%,6.8%,6.0%,7.2%

2018-03-05,6.4%,7.6%,8.1%,6.8%,6.0%,7.2%

2018-03-06,6.5%,9.5%,12.8%,7.0%,6.0%,7.2%

2018-03-07,6.5%,9.7%,12.8%,7.0%,6.0%,7.2%

2018-03-08,6.6%,10.2%,9.0%,7.1%,6.0%,7.2%

2018-03-09,6.6%,10.2%,9.0%,7.1%,6.0%,7.2%

2018-03-10,6.6%,10.6%,10.1%,7.1%,6.1%,7.2%

2018-03-11,6.6%,10.6%,10.1%,7.1%,6.1%,7.2%

2018-03-12,6.6%,9.5%,9.4%,7.1%,6.2%,7.2%

2018-03-13,6.6%,9.5%,9.4%,7.1%,6.2%,7.2%

2018-03-14,6.7%,9.8%,9.9%,7.2%,6.2%,7.2%

2018-03-15,6.7%,9.8%,9.9%,7.2%,6.2%,7.2%

2018-03-16,6.7%,9.4%,8.8%,7.2%,6.3%,7.2%

2018-03-17,6.7%,9.4%,8.8%,7.2%,6.3%,7.2%

2018-03-18,6.7%,7.5%,3.6%,7.1%,6.3%,7.2%

2018-03-19,6.7%,7.5%,3.6%,7.1%,6.3%,7.2%

2018-03-20,6.7%,6.7%,7.4%,7.1%,6.3%,7.2%

2018-03-21,6.7%,6.7%,7.4%,7.1%,6.3%,7.2%

2018-03-22,6.8%,7.3%,10.9%,7.2%,6.3%,7.2%

2018-03-23,6.8%,7.3%,10.9%,7.2%,6.3%,7.2%

2018-03-24,6.7%,7.2%,2.9%,7.1%,6.3%,7.2%

2018-03-25,6.7%,7.8%,9.0%,7.1%,6.4%,7.2%

2018-03-26,6.7%,7.8%,9.0%,7.1%,6.4%,7.2%

2018-03-27,6.7%,7.8%,9.0%,7.1%,6.4%,7.2%

2018-03-28,6.7%,6.5%,7.1%,7.1%,6.4%,7.2%

2018-03-29,6.7%,6.5%,7.1%,7.1%,6.4%,7.2%

2018-03-30,6.8%,8.4%,8.9%,7.1%,6.5%,7.2%

2018-03-31,6.8%,8.3%,8.9%,7.1%,6.6%,7.2%

2018-04-01,6.8%,8.3%,8.9%,7.1%,6.6%,7.2%

2018-04-02,6.8%,8.2%,6.7%,7.1%,6.6%,7.2%

2018-04-03,6.8%,8.2%,6.7%,7.1%,6.6%,7.2%

2018-04-04,6.8%,8.1%,7.9%,7.1%,6.6%,7.2%

2018-04-05,6.8%,8.1%,7.9%,7.1%,6.6%,7.2%

2018-04-06,6.8%,8.1%,7.9%,7.1%,6.6%,7.2%

2018-04-07,6.9%,9.5%,13.9%,7.1%,6.8%,7.2%

2018-04-08,6.9%,9.6%,7.1%,7.1%,6.8%,7.2%

2018-04-09,6.9%,9.6%,7.1%,7.1%,6.8%,7.2%

2018-04-10,6.9%,9.1%,6.5%,7.1%,6.7%,7.2%

2018-04-11,6.9%,9.1%,6.5%,7.1%,6.7%,7.2%

2018-04-12,6.9%,7.0%,7.5%,7.1%,6.7%,7.2%

2018-04-13,6.9%,7.0%,7.5%,7.1%,6.7%,7.2%

2018-04-14,6.9%,7.0%,7.5%,7.1%,6.7%,7.2%

2018-04-15,6.9%,7.0%,7.5%,7.1%,6.7%,7.2%

2018-04-16,6.9%,7.0%,7.5%,7.1%,6.7%,7.2%

2018-04-17,6.9%,7.0%,7.5%,7.1%,6.7%,7.2%

2018-04-18,6.9%,7.0%,7.5%,7.1%,6.7%,7.2%

2018-04-19,6.9%,7.0%,7.5%,7.1%,6.7%,7.2%

2018-04-20,6.9%,7.0%,7.5%,7.1%,6.7%,7.2%

2018-04-21,6.9%,7.0%,7.5%,7.1%,6.7%,7.2%

2018-04-22,6.9%,7.0%,7.5%,7.1%,6.7%,7.2%

2018-04-23,6.9%,7.0%,7.5%,7.1%,6.7%,7.2%

2018-04-24,6.9%,7.0%,7.5%,7.1%,6.7%,7.2%

2018-04-25,6.9%,7.0%,7.5%,7.1%,6.7%,7.2%

2018-04-26,6.9%,7.0%,7.5%,7.1%,6.7%,7.2%

2018-04-27,6.9%,7.0%,7.5%,7.1%,6.7%,7.2%

2018-04-28,6.9%,7.0%,7.5%,7.1%,6.7%,7.2%

2018-04-29,6.9%,7.0%,7.5%,7.1%,6.7%,7.2%

2018-04-30,6.9%,7.0%,7.5%,7.1%,6.7%,7.2%

2018-05-01,6.9%,7.0%,7.5%,7.1%,6.7%,7.2%

2018-05-02,6.9%,7.0%,7.5%,7.1%,6.7%,7.2%

2018-05-03,6.9%,7.0%,7.5%,7.1%,6.7%,7.2%

2018-05-04,6.9%,7.0%,7.5%,7.1%,6.7%,7.2%

2018-05-05,6.9%,7.0%,7.5%,7.1%,6.7%,7.2%

2018-05-06,6.9%,7.0%,7.5%,7.1%,6.7%,7.2%

2018-05-07,6.9%,7.0%,7.5%,7.1%,6.7%,7.2%

2018-05-08,6.9%,7.0%,7.5%,7.1%,6.7%,7.2%

2018-05-09,6.9%,7.0%,7.5%,7.1%,6.7%,7.2%

2018-05-10,6.9%,7.0%,7.5%,7.1%,6.7%,7.2%

2018-05-11,6.9%,7.0%,7.5%,7.1%,6.7%,7.2%

2018-05-12,6.9%,7.0%,7.5%,7.1%,6.7%,7.2%

2018-05-13,6.9%,7.0%,7.5%,7.1%,6.7%,7.2%

2018-05-14,6.9%,7.0%,7.5%,7.1%,6.7%,7.2%

2018-05-15,6.9%,7.0%,7.5%,7.1%,6.7%,7.2%

2018-05-16,6.9%,7.0%,7.5%,7.1%,6.7%,7.2%

2018-05-17,6.9%,7.0%,7.5%,7.1%,6.7%,7.2%

2018-05-18,6.9%,7.0%,7.5%,7.1%,6.7%,7.2%

2018-05-19,6.9%,7.0%,7.5%,7.1%,6.7%,7.2%

2018-05-20,6.9%,7.0%,7.5%,7.1%,6.7%,7.2%

2018-05-21,6.9%,7.0%,7.5%,7.1%,6.7%,7.2%

2018-05-22,6.9%,7.0%,7.5%,7.1%,6.7%,7.2%

2018-05-23,6.9%,7.0%,7.5%,7.1%,6.7%,7.2%

2018-05-24,6.9%,7.0%,7.5%,7.1%,6.7%,7.2%

2018-05-25,6.9%,7.0%,7.5%,7.1%,6.7%,7.2%

2018-05-26,6.9%,7.0%,7.5%,7.1%,6.7%,7.2%

2018-05-27,6.9%,7.0%,7.5%,7.1%,6.7%,7.2%

2018-05-28,6.9%,7.0%,7.5%,7.1%,6.7%,7.2%

2018-05-29,6.9%,7.0%,7.5%,7.1%,6.7%,7.2%

2018-05-30,6.9%,7.0%,7.5%,7.1%,6.7%,7.2%

2018-05-31,6.9%,7.0%,7.5%,7.1%,6.7%,7.2%

2018-06-01,6.9%,7.0%,7.5%,7.1%,6.7%,7.2%

2018-06-02,6.9%,7.0%,7.5%,7.1%,6.7%,7.2%

2018-06-03,6.9%,7.0%,7.5%,7.1%,6.7%,7.2%

2018-06-04,6.9%,7.0%,7.5%,7.1%,6.7%,7.2%

2018-06-05,6.9%,7.0%,7.5%,7.1%,6.7%,7.2%

2018-06-06,6.9%,7.0%,7.5%,7.1%,6.7%,7.2%

2018-06-07,6.9%,7.0%,7.5%,7.1%,6.7%,7.2%

2018-06-08,6.9%,7.0%,7.5%,7.1%,6.7%,7.2%

2018-06-09,6.9%,7.0%,7.5%,7.1%,6.7%,7.2%

2018-06-10,6.9%,7.0%,7.5%,7.1%,6.7%,7.2%

2018-06-11,6.9%,7.0%,7.5%,7.1%,6.7%,7.2%

2018-06-12,6.9%,7.0%,7.5%,7.1%,6.7%,7.2%

2018-06-13,6.9%,7.0%,7.5%,7.1%,6.7%,7.2%

2018-06-14,6.9%,7.0%,7.5%,7.1%,6.7%,7.2%

2018-06-15,6.9%,7.0%,7.5%,7.1%,6.7%,7.2%

2018-06-16,6.9%,7.0%,7.5%,7.1%,6.7%,7.2%

2018-06-17,6.9%,7.0%,7.5%,7.1%,6.7%,7.2%

2018-06-18,6.9%,7.0%,7.5%,7.1%,6.7%,7.2%

2018-06-19,6.9%,7.0%,7.5%,7.1%,6.7%,7.2%

2018-06-20,6.9%,7.0%,7.5%,7.1%,6.7%,7.2%

2018-06-21,6.9%,7.0%,7.5%,7.1%,6.7%,7.2%

2018-06-22,6.9%,7.0%,7.5%,7.1%,6.7%,7.2%

2018-06-23,6.9%,7.0%,7.5%,7.1%,6.7%,7.2%

2018-06-24,6.9%,7.0%,7.5%,7.1%,6.7%,7.2%

2018-06-25,6.9%,7.0%,7.5%,7.1%,6.7%,7.2%

2018-06-26,6.9%,7.0%,7.5%,7.1%,6.7%,7.2%

2018-06-27,6.9%,7.0%,7.5%,7.1%,6.7%,7.2%

2018-06-28,6.9%,7.0%,7.5%,7.1%,6.7%,7.2%

2018-06-29,6.9%,7.0%,7.5%,7.1%,6.7%,7.2%

2018-06-30,6.9%,7.0%,7.5%,7.1%,6.7%,7.2%

2018-07-01,6.9%,7.0%,7.5%,7.1%,6.7%,7.2%

2018-07-02,6.9%,7.0%,7.5%,7.1%,6.7%,7.2%

2018-07-03,6.9%,7.0%,7.5%,7.1%,6.7%,7.2%

2018-07-04,6.9%,7.0%,7.5%,7.1%,6.7%,7.2%

2018-07-05,6.9%,7.0%,7.5%,7.1%,6.7%,7.2%

2018-07-06,6.9%,7.0%,7.5%,7.1%,6.7%,7.2%

2018-07-07,6.9%,7.0%,7.5%,7.1%,6.7%,7.2%

2018-07-08,6.9%,7.0%,7.5%,7.1%,6.7%,7.2%

2018-07-09,6.9%,7.0%,7.5%,7.1%,6.7%,7.2%

2018-07-10,6.9%,7.0%,7.5%,7.1%,6.7%,7.2%

2018-07-11,6.9%,7.0%,7.5%,7.1%,6.7%,7.2%

2018-07-12,6.9%,7.0%,7.5%,7.1%,6.7%,7.2%

2018-07-13,6.9%,7.0%,7.5%,7.1%,6.7%,7.2%

2018-07-14,6.9%,7.0%,7.5%,7.1%,6.7%,7.2%

2018-07-15,6.9%,7.0%,7.5%,7.1%,6.7%,7.2%

2018-07-16,6.9%,7.0%,7.5%,7.1%,6.7%,7.2%

2018-07-17,6.9%,7.0%,7.5%,7.1%,6.7%,7.2%

2018-07-18,6.9%,7.0%,7.5%,7.1%,6.7%,7.2%

2018-07-19,6.9%,7.0%,7.5%,7.1%,6.7%,7.2%

2018-07-20,6.9%,7.0%,7.5%,7.1%,6.7%,7.2%

2018-07-21,6.9%,7.0%,7.5%,7.1%,6.7%,7.2%

2018-07-22,6.9%,7.0%,7.5%,7.1%,6.7%,7.2%

2018-07-23,6.9%,7.0%,7.5%,7.1%,6.7%,7.2%

2018-07-24,6.9%,7.0%,7.5%,7.1%,6.7%,7.2%

2018-07-25,6.9%,7.0%,7.5%,7.1%,6.7%,7.2%

2018-07-26,6.9%,7.0%,7.5%,7.1%,6.7%,7.2%

2018-07-27,6.9%,7.0%,7.5%,7.1%,6.7%,7.2%

2018-07-28,6.9%,7.0%,7.5%,7.1%,6.7%,7.2%

2018-07-29,6.9%,7.0%,7.5%,7.1%,6.7%,7.2%

2018-07-30,6.9%,7.0%,7.5%,7.1%,6.7%,7.2%

2018-07-31,6.9%,7.0%,7.5%,7.1%,6.7%,7.2%

2018-08-01,6.9%,7.0%,7.5%,7.1%,6.7%,7.2%

2018-08-02,6.9%,7.0%,7.5%,7.1%,6.7%,7.2%

2018-08-03,6.9%,7.0%,7.5%,7.1%,6.7%,7.2%

2018-08-04,6.9%,7.0%,7.5%,7.1%,6.7%,7.2%

2018-08-05,6.9%,7.0%,7.5%,7.1%,6.7%,7.2%

2018-08-06,6.9%,7.0%,7.5%,7.1%,6.7%,7.2%

2018-08-07,6.9%,7.0%,7.5%,7.1%,6.7%,7.2%

2018-08-08,6.9%,7.0%,7.5%,7.1%,6.7%,7.2%

2018-08-09,6.9%,7.0%,7.5%,7.1%,6.7%,7.2%

2018-08-10,6.9%,7.0%,7.5%,7.1%,6.7%,7.2%

2018-08-11,6.9%,7.0%,7.5%,7.1%,6.7%,7.2%

2018-08-12,6.9%,7.0%,7.5%,7.1%,6.7%,7.2%

2018-08-13,6.9%,7.0%,7.5%,7.1%,6.7%,7.2%

2018-08-14,6.9%,7.0%,7.5%,7.1%,6.7%,7.2%

2018-08-15,6.9%,7.0%,7.5%,7.1%,6.7%,7.2%

2018-08-16,6.9%,7.0%,7.5%,7.1%,6.7%,7.2%

2018-08-17,6.9%,7.0%,7.5%,7.1%,6.7%,7.2%

2018-08-18,6.9%,7.0%,7.5%,7.1%,6.7%,7.2%

2018-08-19,6.9%,7.0%,7.5%,7.1%,6.7%,7.2%

2018-08-20,6.9%,7.0%,7.5%,7.1%,6.7%,7.2%

2018-08-21,6.9%,7.0%,7.5%,7.1%,6.7%,7.2%

2018-08-22,6.9%,7.0%,7.5%,7.1%,6.7%,7.2%

2018-08-23,6.9%,7.0%,7.5%,7.1%,6.7%,7.2%

2018-08-24,6.9%,7.0%,7.5%,7.1%,6.7%,7.2%

2018-08-25,6.9%,7.0%,7.5%,7.1%,6.7%,7.2%

2018-08-26,6.9%,7.0%,7.5%,7.1%,6.7%,7.2%

2018-08-27,6.9%,7.0%,7.5%,7.1%,6.7%,7.2%

2018-08-28,6.9%,7.0%,7.5%,7.1%,6.7%,7.2%

2018-08-29,6.9%,7.0%,7.5%,7.1%,6.7%,7.2%

2018-08-30,6.9%,7.0%,7.5%,7.1%,6.7%,7.2%

2018-08-31,6.9%,7.0%,7.5%,7.1%,6.7%,7.2%

2018-09-01,6.9%,7.0%,7.5%,7.1%,6.7%,7.2%

2018-09-02,6.9%,7.0%,7.5%,7.1%,6.7%,7.2%

2018-09-03,6.9%,7.0%,7.5%,7.1%,6.7%,7.2%

2018-09-04,6.9%,7.0%,7.5%,7.1%,6.7%,7.2%

2018-09-05,6.9%,7.0%,7.5%,7.1%,6.7%,7.2%

2018-09-06,6.9%,7.0%,7.5%,7.1%,6.7%,7.2%

2018-09-07,6.9%,7.0%,7.5%,7.1%,6.7%,7.2%

2018-09-08,6.9%,7.0%,7.5%,7.1%,6.7%,7.2%

2018-09-09,6.9%,7.0%,7.5%,7.1%,6.7%,7.2%

2018-09-10,6.9%,7.0%,7.5%,7.1%,6.7%,7.2%

2018-09-11,6.9%,7.0%,7.5%,7.1%,6.7%,7.2%

2018-09-12,6.9%,7.0%,7.5%,7.1%,6.7%,7.2%

2018-09-13,6.9%,7.0%,7.5%,7.1%,6.7%,7.2%

2018-09-14,6.9%,7.0%,7.5%,7.1%,6.7%,7.2%

2018-09-15,6.9%,7.0%,7.5%,7.1%,6.7%,7.2%

2018-09-16,6.9%,7.0%,7.5%,7.1%,6.7%,7.2%

2018-09-17,6.9%,7.0%,7.5%,7.1%,6.7%,7.2%

2018-09-18,6.9%,7.0%,7.5%,7.1%,6.7%,7.2%

2018-09-19,6.9%,7.0%,7.5%,7.1%,6.7%,7.2%

2018-09-20,6.9%,7.0%,7.5%,7.1%,6.7%,7.2%

2018-09-21,6.9%,7.0%,7.5%,7.1%,6.7%,7.2%

2018-09-22,6.9%,7.0%,7.5%,7.1%,6.7%,7.2%

2018-09-23,6.9%,7.0%,7.5%,7.1%,6.7%,7.2%

2018-09-24,6.9%,7.0%,7.5%,7.1%,6.7%,7.2%

2018-09-25,6.9%,7.0%,7.5%,7.1%,6.7%,7.2%

2018-09-26,6.9%,7.0%,7.5%,7.1%,6.7%,7.2%

2018-09-27,6.9%,7.0%,7.5%,7.1%,6.7%,7.2%

2018-09-28,6.9%,7.0%,7.5%,7.1%,6.7%,7.2%

2018-09-29,6.9%,7.0%,7.5%,7.1%,6.7%,7.2%

2018-09-30,6.9%,7.0%,7.5%,7.1%,6.7%,7.2%

2018-10-01,6.9%,7.0%,7.5%,7.1%,6.7%,7.2%

2018-10-02,6.9%,7.0%,7.5%,7.1%,6.7%,7.2%

2018-10-03,6.9%,7.0%,7.5%,7.1%,6.7%,7.2%

2018-10-04,6.9%,7.0%,7.5%,7.1%,6.7%,7.2%

2018-10-05,6.9%,7.0%,7.5%,7.1%,6.7%,7.2%

2018-10-06,6.9%,7.0%,7.5%,7.1%,6.7%,7.2%

2018-10-07,6.9%,7.0%,7.5%,7.1%,6.7%,7.2%

2018-10-08,6.9%,7.0%,7.5%,7.1%,6.7%,7.2%

2018-10-09,6.9%,7.0%,7.5%,7.1%,6.7%,7.2%

2018-10-10,6.9%,7.0%,7.5%,7.1%,6.7%,7.2%

2018-10-11,6.9%,7.0%,7.5%,7.1%,6.7%,7.2%

2018-10-12,6.9%,7.0%,7.5%,7.1%,6.7%,7.2%

2018-10-13,6.9%,7.0%,7.5%,7.1%,6.7%,7.2%

2018-10-14,6.9%,7.0%,7.5%,7.1%,6.7%,7.2%

2018-10-15,6.9%,7.0%,7.5%,7.1%,6.7%,7.2%

2018-10-16,--,--,--,--,--,6.9%

2018-10-17,--,--,--,--,--,6.9%

2018-10-18,--,--,--,--,--,6.9%

2018-10-19,3.3%,3.3%,3.3%,--,3.3%,6.9%

2018-10-20,3.3%,3.3%,3.3%,--,3.3%,6.9%

2018-10-21,3.3%,3.3%,3.2%,3.2%,3.3%,6.9%

2018-10-22,3.3%,3.3%,3.2%,3.2%,3.3%,6.9%

2018-10-23,3.9%,3.9%,5.1%,3.2%,4.2%,6.9%

2018-10-24,3.9%,3.9%,5.1%,3.2%,4.2%,6.9%

2018-10-25,3.8%,4.0%,3.7%,3.5%,4.2%,6.9%

2018-10-26,3.8%,4.0%,3.7%,3.5%,4.2%,6.9%

2018-10-27,4.0%,4.5%,4.4%,3.5%,4.3%,6.9%

2018-10-28,5.3%,6.8%,12.0%,3.5%,6.2%,6.9%

2018-10-29,5.3%,6.8%,12.0%,3.5%,6.2%,6.9%

2018-10-30,5.3%,7.2%,5.2%,4.1%,6.2%,6.9%

2018-10-31,5.3%,7.2%,5.2%,4.1%,6.2%,6.9%

2018-11-01,5.3%,7.6%,5.7%,4.5%,6.2%,6.9%

2018-11-02,5.3%,7.6%,5.7%,4.5%,6.2%,6.9%

2018-11-03,5.0%,4.4%,1.9%,4.0%,6.2%,6.9%

2018-11-04,5.6%,6.5%,11.7%,5.3%,6.2%,6.9%

2018-11-05,5.6%,6.5%,11.7%,5.3%,6.2%,6.9%

2018-11-06,5.7%,6.8%,6.5%,5.3%,6.3%,6.9%

2018-11-07,5.7%,6.8%,6.5%,5.3%,6.3%,6.9%

2018-11-08,5.9%,8.4%,7.6%,5.3%,6.5%,6.9%

2018-11-09,5.9%,8.4%,7.6%,5.3%,6.5%,6.9%

2018-11-10,5.9%,8.4%,7.6%,5.3%,6.5%,6.9%

2018-11-11,5.9%,6.8%,6.2%,5.4%,6.5%,6.9%

2018-11-12,5.9%,6.8%,6.2%,5.4%,6.5%,6.9%

2018-11-13,6.2%,7.8%,9.6%,5.9%,6.5%,6.9%

2018-11-14,6.2%,7.8%,9.6%,5.9%,6.5%,6.9%

2018-11-15,6.2%,7.7%,7.2%,5.9%,6.6%,6.9%

2018-11-16,6.2%,7.7%,7.2%,5.9%,6.6%,6.9%

2018-11-17,6.3%,7.9%,6.7%,5.9%,6.6%,6.9%

2018-11-18,6.6%,8.3%,11.0%,6.5%,6.6%,6.9%

2018-11-19,6.6%,8.3%,11.0%,6.5%,6.6%,6.9%

2018-11-20,6.6%,8.3%,11.0%,6.5%,6.6%,6.9%

2018-11-21,6.6%,8.3%,11.0%,6.5%,6.6%,6.9%

2018-11-22,6.6%,8.3%,7.0%,6.6%,6.6%,6.9%

2018-11-23,6.6%,8.3%,7.0%,6.6%,6.6%,6.9%

2018-11-24,6.6%,8.3%,6.8%,6.6%,6.6%,6.9%

2018-11-25,6.5%,6.4%,5.5%,6.6%,6.5%,6.9%

2018-11-26,6.5%,6.4%,5.5%,6.6%,6.5%,6.9%

2018-11-27,6.5%,6.0%,5.5%,6.5%,6.5%,6.9%

2018-11-28,6.5%,6.0%,5.5%,6.5%,6.5%,6.9%

2018-11-29,6.6%,6.3%,8.1%,6.5%,6.6%,6.9%

2018-11-30,6.6%,6.3%,8.1%,6.5%,6.6%,6.9%

2018-12-01,6.5%,6.0%,4.4%,6.5%,6.4%,6.9%

2018-12-02,6.6%,7.4%,9.8%,6.5%,6.7%,6.9%

2018-12-03,6.6%,7.4%,9.8%,6.5%,6.7%,6.9%

2018-12-04,6.6%,7.4%,9.8%,6.5%,6.7%,6.9%

2018-12-05,6.6%,7.2%,7.4%,6.5%,6.7%,6.9%

2018-12-06,6.6%,7.2%,7.4%,6.5%,6.7%,6.9%

2018-12-07,6.6%,7.2%,7.4%,6.5%,6.7%,6.9%

2018-12-08,6.9%,9.9%,12.0%,7.0%,6.7%,6.9%

2018-12-09,6.7%,7.6%,2.8%,6.7%,6.7%,6.9%

2018-12-10,6.7%,7.6%,2.8%,6.7%,6.7%,6.9%

2018-12-11,6.8%,8.1%,8.9%,6.8%,6.7%,6.9%

2018-12-12,6.8%,8.1%,8.9%,6.8%,6.7%,6.9%

2018-12-13,6.8%,8.1%,8.9%,6.8%,6.7%,6.9%

2018-12-14,6.9%,7.0%,9.3%,6.8%,6.9%,6.9%

2018-12-15,6.9%,7.0%,9.3%,6.8%,6.9%,6.9%

2018-12-16,7.0%,9.9%,11.7%,6.8%,7.2%,6.9%

2018-12-17,7.0%,9.9%,11.7%,6.8%,7.2%,6.9%

2018-12-18,7.1%,9.6%,8.1%,6.8%,7.3%,6.9%

2018-12-19,7.1%,9.6%,8.1%,6.8%,7.3%,6.9%

2018-12-20,7.0%,8.9%,6.9%,6.8%,7.3%,6.9%

2018-12-21,7.0%,8.9%,6.9%,6.8%,7.3%,6.9%

2018-12-22,7.0%,6.7%,4.8%,6.7%,7.3%,6.9%

2018-12-23,7.0%,6.7%,4.8%,6.7%,7.3%,6.9%

2018-12-24,7.0%,6.2%,6.9%,6.7%,7.2%,6.9%

2018-12-25,7.0%,6.2%,6.9%,6.7%,7.2%,6.9%

2018-12-26,7.0%,6.2%,6.9%,6.7%,7.2%,6.9%

2018-12-27,6.9%,5.6%,5.3%,6.6%,7.2%,6.9%

2018-12-28,6.9%,5.6%,5.3%,6.6%,7.2%,6.9%

2018-12-29,7.0%,6.9%,8.6%,6.6%,7.3%,6.9%

2018-12-30,7.0%,6.9%,8.6%,6.6%,7.3%,6.9%

2018-12-31,7.0%,6.6%,6.1%,6.6%,7.2%,6.9%
